{"text": " Today I feel good, I guess that's what we can do at this moment.", "segments": [{"id": 0, "seek": 0, "start": 0.0, "end": 4.0, "text": " Today I feel good, I guess that's what we can do at this moment.", "tokens": [50364, 2692, 286, 841, 665, 11, 286, 2041, 300, 311, 437, 321, 393, 360, 412, 341, 1623, 13, 50564], "temperature": 0.0, "avg_logprob": -0.4622620105743408, "compression_ratio": 0.9411764705882353, "no_speech_prob": 0.05606433376669884}], "language": "es"}